<?xml version="1.0" encoding="UTF-8"?>
<root>
    <DataScheme>
        <address>г.Майкоп, Хакурате, 654 </address>
        <country>RU</country>
        <latitude>44.62423</latitude>
        <longtitude>40.05552</longtitude>
        <name>01023</name>
        <phone>(8772) 53-46-05</phone>
        <region>Республика Адыгея</region>
    </DataScheme>
    <DataScheme>
        <address>г.Майкоп, Батарейная, 385 А</address>
        <country>RU</country>
        <latitude>44.57913</latitude>
        <longtitude>40.1366</longtitude>
        <name>01024</name>
        <phone>(8772) 56-38-20</phone>
        <region>Республика Адыгея</region>
    </DataScheme>
</root>